date,firstDose.daily.sinovac,firstDose.daily.biontech,firstDose.daily.total,firstDose.cumulative.sinovac,firstDose.cumulative.biontech,firstDose.cumulative.total,secondDose.daily.sinovac,secondDose.daily.biontech,secondDose.daily.total,secondDose.cumulative.sinovac,secondDose.cumulative.biontech,secondDose.cumulative.total,thirdDose.daily.sinovac,thirdDose.daily.biontech,thirdDose.daily.total,thirdDose.cumulative.sinovac,thirdDose.cumulative.biontech,thirdDose.cumulative.total,firstDose.movingAvg.sinovac,firstDose.movingAvg.total,firstDose.movingAvg.biontech,secondDose.movingAvg.sinovac,secondDose.movingAvg.total,secondDose.movingAvg.biontech,thirdDose.movingAvg.sinovac,thirdDose.movingAvg.total,thirdDose.movingAvg.biontech,totalDose.daily.sinovac,totalDose.daily.biontech,totalDose.daily.total,totalDose.cumulative.sinovac,totalDose.cumulative.biontech,totalDose.cumulative.total,totalDose.movingAvg.sinovac,totalDose.movingAvg.biontech,totalDose.movingAvg.total
2021-02-22,47,0,47,47,0,47,0,0,0,0,0,0,0,0,0,0,0,0,,,,,,,,,,47,0,47,47,0,47,,,
2021-02-23,532,0,532,579,0,579,0,0,0,0,0,0,0,0,0,0,0,0,,,,,,,,,,532,0,532,579,0,579,,,
2021-02-24,0,0,0,579,0,579,0,0,0,0,0,0,0,0,0,0,0,0,,,,,,,,,,0,0,0,579,0,579,,,
2021-02-25,0,0,0,579,0,579,0,0,0,0,0,0,0,0,0,0,0,0,,,,,,,,,,0,0,0,579,0,579,,,
2021-02-26,6066,0,6066,6645,0,6645,0,0,0,0,0,0,0,0,0,0,0,0,,,,,,,,,,6066,0,6066,6645,0,6645,,,
2021-02-27,7039,0,7039,13684,0,13684,1,0,1,1,0,1,0,0,0,0,0,0,,,,,,,,,,7040,0,7040,13685,0,13685,,,
2021-02-28,7015,0,7015,20699,0,20699,0,0,0,1,0,1,0,0,0,0,0,0,,,,,,,,,,7015,0,7015,20700,0,20700,,,
2021-03-01,6408,0,6408,27107,0,27107,0,0,0,1,0,1,0,0,0,0,0,0,,,,,,,,,,6408,0,6408,27108,0,27108,,,
2021-03-02,13071,0,13071,40178,0,40178,0,0,0,1,0,1,0,0,0,0,0,0,,,,,,,,,,13071,0,13071,40179,0,40179,,,
2021-03-03,11666,0,11666,51844,0,51844,2,0,2,3,0,3,0,0,0,0,0,0,,,,,,,,,,11668,0,11668,51847,0,51847,,,
2021-03-04,10389,0,10389,62233,0,62233,0,0,0,3,0,3,0,0,0,0,0,0,8808,8808,,,,,,,,10389,0,10389,62236,0,62236,8808,,8808
2021-03-05,10138,0,10138,72371,0,72371,0,0,0,3,0,3,0,0,0,0,0,0,9389,9389,,,,,,,,10138,0,10138,72374,0,72374,9390,,9390
2021-03-06,11319,336,11655,83690,336,84026,1,0,1,4,0,4,0,0,0,0,0,0,10001,10049,,,,,,,,11320,336,11656,83694,336,84030,10001,,10049
2021-03-07,8120,871,8991,91810,1207,93017,1,0,1,5,0,5,0,0,0,0,0,0,10159,10331,,,,,,,,8121,871,8992,91815,1207,93022,10159,,10332
2021-03-08,9901,923,10824,101711,2130,103841,0,0,0,5,0,5,0,0,0,0,0,0,10658,10962,,,,,,,,9901,923,10824,101716,2130,103846,10658,,10963
2021-03-09,8797,878,9675,110508,3008,113516,1,0,1,6,0,6,0,0,0,0,0,0,10047,10477,,,,,,,,8798,878,9676,110514,3008,113522,10048,,10478
2021-03-10,11001,6020,17021,121509,9028,130537,1,0,1,7,0,7,0,0,0,0,0,0,9952,11242,,,,,,,,11002,6020,17022,121516,9028,130544,9953,,11242
2021-03-11,9597,5763,15360,131106,14791,145897,0,0,0,7,0,7,0,0,0,0,0,0,9839,11952,,,,,,,,9597,5763,15360,131113,14791,145904,9840,,11953
2021-03-12,9595,6728,16323,140701,21519,162220,0,0,0,7,0,7,0,0,0,0,0,0,9761,12836,,,,,,,,9595,6728,16323,140708,21519,162227,9762,,12836
2021-03-13,8554,6326,14880,149255,27845,177100,1,0,1,8,0,8,0,0,0,0,0,0,9366,13296,,,,,,,,8555,6326,14881,149263,27845,177108,9367,,13297
2021-03-14,7940,5680,13620,157195,33525,190720,0,0,0,8,0,8,0,0,0,0,0,0,9341,13958,,,,,,,,7940,5680,13620,157203,33525,190728,9341,,13958
2021-03-15,8966,6397,15363,166161,39922,206083,0,0,0,8,0,8,0,0,0,0,0,0,9207,14606,,,,,,,,8966,6397,15363,166169,39922,206091,9208,,14606
2021-03-16,10228,13099,23327,176389,53021,229410,0,0,0,8,0,8,0,0,0,0,0,0,9412,16556,7145,,,,,,,10228,13099,23327,176397,53021,229418,9412,7145,16557
2021-03-17,13247,11352,24599,189636,64373,254009,1,0,1,9,0,9,0,0,0,0,0,0,9732,17639,7906,,,,,,,13248,11352,24600,189645,64373,254018,9733,7906,17639
2021-03-18,11849,10778,22627,201485,75151,276636,0,0,0,9,0,9,0,0,0,0,0,0,10054,18677,8623,,,,,,,11849,10778,22627,201494,75151,276645,10054,8623,18677
2021-03-19,11795,15809,27604,213280,90960,304240,0,0,0,9,0,9,0,0,0,0,0,0,10368,20289,9920,,,,,,,11795,15809,27604,213289,90960,304249,10369,9920,20289
2021-03-20,11325,15043,26368,224605,106003,330608,0,0,0,9,0,9,0,0,0,0,0,0,10764,21930,11165,,,,,,,11325,15043,26368,224614,106003,330617,10764,11165,21930
2021-03-21,9084,14736,23820,233689,120739,354428,0,0,0,9,0,9,0,0,0,0,0,0,10928,23387,12459,,,,,,,9084,14736,23820,233698,120739,354437,10928,12459,23387
2021-03-22,10128,15084,25212,243817,135823,379640,42,1,43,51,1,52,0,0,0,0,0,0,11094,24794,13700,,,,,,,10170,15085,25255,243868,135824,379692,11100,13700,24800
2021-03-23,9018,14420,23438,252835,150243,403078,395,0,395,446,1,447,0,0,0,0,0,0,10921,24810,13889,,,,,,,9413,14420,23833,253281,150244,403525,10983,13889,24872
2021-03-24,8662,1081,9743,261497,151324,412821,32,0,32,478,1,479,0,0,0,0,0,0,10266,22687,12422,,,,,,,8694,1081,9775,261975,151325,413300,10333,12422,22755
2021-03-25,8192,0,8192,269689,151324,421013,28,0,28,506,1,507,0,0,0,0,0,0,9743,20625,10882,,,,,,,8220,0,8220,270195,151325,421520,9814,10882,20696
2021-03-26,8519,0,8519,278208,151324,429532,5198,0,5198,5704,1,5705,0,0,0,0,0,0,9275,17899,8623,,,,,,,13717,0,13717,283912,151325,435237,10089,8624,18713
2021-03-27,7732,0,7732,285940,151324,437264,6308,0,6308,12012,1,12013,0,0,0,0,0,0,8762,15237,6474,,,,,,,14040,0,14040,297952,151325,449277,10477,6475,16951
2021-03-28,6635,0,6635,292575,151324,443899,6539,0,6539,18551,1,18552,0,0,0,0,0,0,8412,12782,4369,,,,,,,13174,0,13174,311126,151325,462451,11061,4369,15431
2021-03-29,6618,0,6618,299193,151324,450517,6053,0,6053,24604,1,24605,0,0,0,0,0,0,7911,10125,2214,,,,,,,12671,0,12671,323797,151325,475122,11418,2214,13633
2021-03-30,5405,0,5405,304598,151324,455922,9790,0,9790,34394,1,34395,0,0,0,0,0,0,7395,7549,154,,,,,,,15195,0,15195,338992,151325,490317,12244,154,12399
2021-03-31,5133,0,5133,309731,151324,461055,9648,0,9648,44042,1,44043,0,0,0,0,0,0,6891,6891,0,,,,,,,14781,0,14781,353773,151325,505098,13114,0,13114
2021-04-01,5223,0,5223,314954,151324,466278,10055,0,10055,54097,1,54098,0,0,0,0,0,0,6466,6466,0,7656,7656,,,,,15278,0,15278,369051,151325,520376,14122,0,14122
2021-04-02,5143,0,5143,320097,151324,471421,5718,0,5718,59815,1,59816,0,0,0,0,0,0,5984,5984,0,7730,7730,,,,,10861,0,10861,379912,151325,531237,13714,0,13714
2021-04-03,3625,0,3625,323722,151324,475046,9124,0,9124,68939,1,68940,0,0,0,0,0,0,5397,5397,0,8132,8132,,,,,12749,0,12749,392661,151325,543986,13530,0,13530
2021-04-04,3803,26,3829,327525,151350,478875,7623,632,8255,76562,633,77195,0,0,0,0,0,0,4993,4997,4,8287,8378,,,,,11426,658,12084,404087,151983,556070,13280,94,13374
2021-04-05,2851,5248,8099,330376,156598,486974,6569,6497,13066,83131,7130,90261,0,0,0,0,0,0,4455,5208,753,8361,9379,,,,,9420,11745,21165,413507,163728,577235,12816,1772,14588
2021-04-06,2682,13035,15717,333058,169633,502691,6248,16802,23050,89379,23932,113311,0,0,0,0,0,0,4066,6681,2616,7855,11274,,,,,8930,29837,38767,422437,193565,616002,11921,6034,17955
2021-04-07,3074,10256,13330,336132,179889,516021,14739,15716,30455,104118,39648,143766,0,0,0,0,0,0,3772,7852,4081,8582,14246,,,,,17813,25972,43785,440250,219537,659787,12354,9745,22098
2021-04-08,3298,10159,13457,339430,190048,529478,12159,14902,27061,116277,54550,170827,0,0,0,0,0,0,3497,9029,5532,8883,16676,,,,,15457,25061,40518,455707,244598,700305,12379,13325,25704
2021-04-09,3450,10701,14151,342880,200749,543629,11597,18984,30581,127874,73534,201408,0,0,0,0,0,0,3255,10315,7061,9723,20227,,,,,15047,29685,44732,470754,274283,745037,12977,17565,30543
2021-04-10,3259,13042,16301,346139,213791,559930,9962,20252,30214,137836,93786,231622,0,0,0,0,0,0,3202,12126,8924,9842,23240,,,,,13221,33294,46515,483975,307577,791552,13045,22322,35367
2021-04-11,2499,16511,19010,348638,230302,578940,8858,15474,24332,146694,109260,255954,0,0,0,0,0,0,3016,14295,11279,10019,25537,15518,,,,11357,31985,43342,495332,339562,834894,13035,26797,39832
2021-04-12,3151,15464,18615,351789,245766,597555,9494,15242,24736,156188,124502,280690,0,0,0,0,0,0,3059,15797,12738,10437,27204,16767,,,,12645,30706,43351,507977,370268,878245,13496,29506,43001
2021-04-13,3750,14105,17855,355539,259871,615410,9460,13395,22855,165648,137897,303545,0,0,0,0,0,0,3212,16103,12891,10896,27176,16281,,,,13210,27500,40710,521187,397768,918955,14107,29172,43279
2021-04-14,3910,13045,16955,359449,272916,632365,11770,3434,15204,177418,141331,318749,0,0,0,0,0,0,3331,16621,13290,10471,24998,14526,,,,15680,16479,32159,536867,414247,951114,13802,27816,41618
2021-04-15,3977,12659,16636,363426,285575,649001,11296,2051,13347,188714,143382,332096,0,0,0,0,0,0,3428,17075,13647,10348,23038,12690,,,,15273,14710,29983,552140,428957,981097,13776,26337,40113
2021-04-16,4542,18344,22886,367968,303919,671887,11921,1947,13868,200635,145329,345964,0,0,0,0,0,0,3584,18323,14739,10394,20651,10256,,,,16463,20291,36754,568603,449248,1017851,13978,24995,38973
2021-04-17,4016,21431,25447,371984,325350,697334,12075,1902,13977,212710,147231,359941,0,0,0,0,0,0,3692,19629,15937,10696,18331,7635,,,,16091,23333,39424,584694,472581,1057275,14388,23572,37960
2021-04-18,3583,18986,22569,375567,344336,719903,10380,882,11262,223090,148113,371203,0,0,0,0,0,0,3847,20138,16291,10914,16464,5550,,,,13963,19868,33831,598657,492449,1091106,14761,21841,36602
2021-04-19,4974,16515,21489,380541,360851,741392,10271,713,10984,233361,148826,382187,0,0,0,0,0,0,4107,20548,16441,11025,14500,3475,,,,15245,17228,32473,613902,509677,1123579,15132,19916,35048
2021-04-20,4616,12672,17288,385157,373523,758680,8563,236,8799,241924,149062,390986,0,0,0,0,0,0,4231,20467,16236,10897,12492,1595,,,,13179,12908,26087,627081,522585,1149666,15128,17831,32959
2021-04-21,3888,11324,15212,389045,384847,773892,8069,160,8229,249993,149222,399215,0,0,0,0,0,0,4228,20218,15990,10368,11495,1127,,,,11957,11484,23441,639038,534069,1173107,14596,17117,31713
2021-04-22,3832,11560,15392,392877,396407,789284,7992,166,8158,257985,149388,407373,0,0,0,0,0,0,4207,20040,15833,9896,10754,858,,,,11824,11726,23550,650862,545795,1196657,14103,16691,30794
2021-04-23,4327,13120,17447,397204,409527,806731,8612,173,8785,266597,149561,416158,0,0,0,0,0,0,4177,19263,15087,9423,10028,605,,,,12939,13293,26232,663801,559088,1222889,13600,15691,29291
2021-04-24,4499,17030,21529,401703,426557,828260,8519,140,8659,275116,149701,424817,0,0,0,0,0,0,4246,18704,14458,8915,9268,353,,,,13018,17170,30188,676819,576258,1253077,13161,14811,27972
2021-04-25,3678,10746,14424,405381,437303,842684,7558,129,7687,282674,149830,432504,0,0,0,0,0,0,4259,17540,13281,8512,8757,245,,,,11236,10875,22111,688055,587133,1275188,12771,13526,26297
2021-04-26,4351,12906,17257,409732,450209,859941,6843,2923,9766,289517,152753,442270,0,0,0,0,0,0,4170,16936,12765,8022,8583,561,,,,11194,15829,27023,699249,602962,1302211,12192,13326,25519
2021-04-27,4323,8121,12444,414055,458330,872385,5308,6916,12224,294825,159669,454494,0,1,1,0,1,1,4128,16244,12115,7557,9073,1515,,,,9631,15038,24669,708880,618000,1326880,11686,13631,25316
2021-04-28,4682,7107,11789,418737,465437,884174,5150,7946,13096,299975,167615,467590,0,0,0,0,1,1,4242,15755,11513,7140,9768,2628,,,,9832,15053,24885,718712,633053,1351765,11382,14141,25523
2021-04-29,4958,7883,12841,423695,473320,897015,4859,8055,12914,304834,175670,480504,0,0,0,0,1,1,4403,15390,10988,6693,10447,3755,,,,9817,15938,25755,728529,648991,1377520,11095,14742,25838
2021-04-30,6530,12777,19307,430225,486097,916322,5820,11144,16964,310654,186814,497468,0,0,0,0,1,1,4717,15656,10939,6294,11616,5322,,,,12350,23921,36271,740879,672912,1413791,11011,16261,27272
2021-05-01,4544,15535,20079,434769,501632,936401,4838,15723,20561,315492,202537,518029,0,0,0,0,1,1,4724,15449,10725,5768,13316,7548,,,,9382,31258,40640,750261,704170,1454431,10492,18273,28765
2021-05-02,4000,11750,15750,438769,513382,952151,4635,17133,21768,320127,219670,539797,0,0,0,0,1,1,4770,15638,10868,5350,15328,9977,,,,8635,28883,37518,758896,733053,1491949,10120,20846,30966
2021-05-03,7026,12764,19790,445795,526146,971941,2524,15409,17933,322651,235079,557730,0,0,0,0,1,1,5152,16000,10848,4733,16494,11761,,,,9550,28173,37723,768446,761226,1529672,9885,22609,32494
2021-05-04,6327,11504,17831,452122,537650,989772,2198,13154,15352,324849,248233,573082,0,0,0,0,1,1,5438,16770,11331,4289,16941,12652,,,,8525,24658,33183,776971,785884,1562855,9727,23983,33711
2021-05-05,5624,10036,15660,457746,547686,1005432,2865,12251,15116,327714,260484,588198,0,0,0,0,1,1,5573,17323,11750,3963,17230,13267,,,,8489,22287,30776,785460,808171,1593631,9535,25017,34552
2021-05-06,5105,10692,15797,462851,558378,1021229,2988,11656,14644,330702,272140,602842,0,0,0,0,1,1,5594,17745,12151,3695,17477,13781,,,,8093,22348,30441,793553,830519,1624072,9289,25933,35222
2021-05-07,5387,11757,17144,468238,570135,1038373,3531,17634,21165,334233,289774,624007,0,0,0,0,1,1,5430,17436,12005,3368,18077,14709,,,,8918,29391,38309,802471,859910,1662381,8799,26714,35513
2021-05-08,4908,12246,17154,473146,582381,1055527,3993,20943,24936,338226,310717,648943,0,0,0,0,1,1,5482,17018,11536,3248,18702,15454,,,,8901,33189,42090,811372,893099,1704471,8730,26990,35720
2021-05-09,3786,12155,15941,476932,594536,1071468,3282,17996,21278,341508,328713,670221,0,0,0,0,1,1,5452,17045,11593,3054,18632,15578,,,,7068,30151,37219,818440,923250,1741690,8506,27171,35677
2021-05-10,4877,10866,15743,481809,605402,1087211,3095,16049,19144,344603,344762,689365,0,0,0,0,1,1,5145,16467,11322,3136,18805,15669,,,,7972,26915,34887,826412,950165,1776577,8281,26991,35272
2021-05-11,4166,9057,13223,485975,614459,1100434,3460,11827,15287,348063,356589,704652,0,0,0,0,1,1,4836,15809,10973,3316,18796,15479,,,,7626,20884,28510,834038,971049,1805087,8152,26452,34605
2021-05-12,3866,7801,11667,489841,622260,1112101,3452,10670,14122,351515,367259,718774,0,0,0,0,1,1,4585,15238,10653,3400,18654,15254,,,,7318,18471,25789,841356,989520,1830876,7985,25907,33892
2021-05-13,3642,7660,11302,493483,629920,1123403,3757,10719,14476,355272,377978,733250,0,0,0,0,1,1,4376,14596,10220,3510,18630,15120,,,,7399,18379,25778,848755,1007899,1856654,7886,25340,33226
2021-05-14,4299,10376,14675,497782,640296,1138078,4422,12885,17307,359694,390863,750557,0,0,0,0,1,1,4221,14244,10023,3637,18079,14441,,,,8721,23261,31982,857476,1031160,1888636,7858,24464,32322
2021-05-15,4196,11707,15903,501978,652003,1153981,4314,17415,21729,364008,408278,772286,0,0,0,0,1,1,4119,14065,9946,3683,17620,13937,,,,8510,29122,37632,865986,1060282,1926268,7802,23883,31685
2021-05-16,3405,10491,13896,505383,662494,1167877,3797,11136,14933,367805,419414,787219,0,0,0,0,1,1,4064,13773,9708,3757,16714,12957,,,,7202,21627,28829,873188,1081909,1955097,7821,22666,30487
2021-05-17,4470,8107,12577,509853,670601,1180454,4748,11929,16677,372553,431343,803896,0,0,0,0,1,1,4006,13320,9314,3993,16362,12369,,,,9218,20036,29254,882406,1101945,1984351,7999,21683,29682
2021-05-18,5257,7933,13190,515110,678534,1193644,4407,8444,12851,376960,439787,816747,0,0,0,0,1,1,4162,13316,9154,4128,16014,11885,,,,9664,16377,26041,892070,1118322,2010392,8290,21039,29329
2021-05-19,2751,5992,8743,517861,684526,1202387,1884,5540,7424,378844,445327,824171,0,0,0,0,1,1,4003,12898,8895,3904,15057,11153,,,,4635,11532,16167,896705,1129854,2026559,7907,20048,27955
2021-05-20,4063,6695,10758,521924,691221,1213145,4766,8259,13025,383610,453586,837196,0,0,0,0,1,1,4063,12820,8757,4048,14849,10801,,,,8829,14954,23783,905534,1144808,2050342,8111,19558,27670
2021-05-21,5101,8909,14010,527025,700130,1227155,4734,12100,16834,388344,465686,854030,0,0,0,0,1,1,4178,12725,8548,4093,14782,10689,,,,9835,21009,30844,915369,1165817,2081186,8270,19237,27507
2021-05-22,5087,10771,15858,532112,710901,1243013,4834,15958,20792,393178,481644,874822,0,0,0,0,1,1,4305,12719,8414,4167,14648,10481,,,,9921,26729,36650,925290,1192546,2117836,8472,18895,27367
2021-05-23,3964,7843,11807,536076,718744,1254820,3932,13096,17028,397110,494740,891850,0,0,0,0,1,1,4385,12420,8036,4186,14947,10761,,,,7896,20939,28835,933186,1213485,2146671,8571,18797,27368
2021-05-24,5966,6682,12648,542042,725426,1267468,4228,11503,15731,401338,506243,907581,0,0,0,0,1,1,4598,12431,7832,4112,14812,10700,,,,10194,18185,28379,943380,1231670,2175050,8711,18532,27243
2021-05-25,5947,5172,11119,547989,730598,1278587,4003,9938,13941,405341,516181,921522,0,0,0,0,1,1,4697,12135,7438,4054,14968,10913,,,,9950,15110,25060,953330,1246780,2200110,8751,18351,27103
2021-05-26,5801,5410,11211,553790,736008,1289798,4043,8823,12866,409384,525004,934388,0,0,0,0,1,1,5133,12487,7355,4363,15745,11382,,,,9844,14233,24077,963174,1261013,2224187,9496,18737,28233
2021-05-27,6455,6318,12773,560245,742326,1302571,4294,9077,13371,413678,534081,947759,0,0,0,0,1,1,5474,12775,7301,4295,15795,11499,,,,10749,15395,26144,973923,1276408,2250331,9770,18800,28570
2021-05-28,7710,9489,17199,567955,751815,1319770,6056,12743,18799,419734,546824,966558,0,0,0,0,1,1,5847,13231,7384,4484,16075,11591,,,,13766,22232,35998,987689,1298640,2286329,10331,18975,29306
2021-05-29,9616,12840,22456,577571,764655,1342226,4861,15224,20085,424595,562048,986643,0,0,0,0,1,1,6494,14173,7679,4488,15974,11486,,,,14477,28064,42541,1002166,1326704,2328870,10982,19165,30148
2021-05-30,7398,9755,17153,584969,774410,1359379,5263,12760,18023,429858,574808,1004666,0,0,0,0,1,1,6985,14937,7952,4678,16117,11438,,,,12661,22515,35176,1014827,1349219,2364046,11663,19391,31054
2021-05-31,9855,10251,20106,594824,784661,1379485,6211,10152,16363,436069,584960,1021029,0,0,0,0,1,1,7540,16002,8462,4962,16207,11245,,,,16066,20403,36469,1030893,1369622,2400515,12502,19707,32209
2021-06-01,11210,8639,19849,606034,793300,1399334,5612,8102,13714,441681,593062,1034743,0,0,0,0,1,1,8292,17250,8957,5191,16174,10983,,,,16822,16741,33563,1047715,1386363,2434078,13484,19940,33424
2021-06-02,11347,8452,19799,617381,801752,1419133,5446,7255,12701,447127,600317,1047444,0,0,0,0,1,1,9084,18476,9392,5392,16151,10759,,,,16793,15707,32500,1064508,1402070,2466578,14476,20151,34627
2021-06-03,12238,11624,23862,629619,813376,1442995,5086,7270,12356,452213,607587,1059800,0,1,1,0,2,2,9911,20061,10150,5505,16006,10501,,,,17324,18895,36219,1081832,1420965,2502797,15416,20651,36067
2021-06-04,13083,16061,29144,642702,829437,1472139,5314,10493,15807,457527,618080,1075607,0,0,0,0,2,2,10678,21767,11089,5399,15578,10179,,,,18397,26554,44951,1100229,1447519,2547748,16077,21268,37346
2021-06-05,11909,19555,31464,654611,848992,1503603,5537,13516,19053,463064,631596,1094660,0,0,0,0,2,2,11006,23054,12048,5496,15431,9935,,,,17446,33071,50517,1117675,1480590,2598265,16501,21984,38485
2021-06-06,9242,15311,24553,663853,864303,1528156,4133,10650,14783,467197,642246,1109443,0,0,0,0,2,2,11269,24111,12842,5334,14968,9634,,,,13375,25961,39336,1131050,1506551,2637601,16603,22476,39079
2021-06-07,14182,15252,29434,678035,879555,1557590,5020,7697,12717,472217,649943,1122160,0,0,0,0,2,2,11887,25444,13556,5164,14447,9283,,,,19202,22949,42151,1150252,1529500,2679752,17051,22840,39891
2021-06-08,13970,12446,26416,692005,892001,1584006,4224,5840,10064,476441,655783,1132224,0,0,0,0,2,2,12282,26382,14100,4966,13926,8960,,,,18194,18286,36480,1168446,1547786,2716232,17247,23060,40308
2021-06-09,13089,11376,24465,705094,903377,1608471,3736,4664,8400,480177,660447,1140624,0,0,0,0,2,2,12530,27048,14518,4721,13311,8590,,,,16825,16040,32865,1185271,1563826,2749097,17252,23108,40360
2021-06-10,13931,14152,28083,719025,917529,1636554,3651,6498,10149,483828,666945,1150773,0,0,0,0,2,2,12772,27651,14879,4516,12996,8480,,,,17582,20650,38232,1202853,1584476,2787329,17289,23359,40647
2021-06-11,16373,19036,35409,735398,936565,1671963,4414,10611,15025,488242,677556,1165798,0,0,0,0,2,2,13242,28546,15304,4388,12884,8497,,,,20787,29647,50434,1223640,1614123,2837763,17630,23801,41431
2021-06-12,14389,21713,36102,749787,958278,1708065,4695,13347,18042,492937,690903,1183840,0,0,0,0,2,2,13597,29209,15612,4268,12740,8472,,,,19084,35060,54144,1242724,1649183,2891907,17864,24085,41949
2021-06-13,10936,19153,30089,760723,977431,1738154,3550,8861,12411,496487,699764,1196251,0,0,0,0,2,2,13839,30000,16161,4184,12401,8217,,,,14486,28014,42500,1257210,1677197,2934407,18023,24378,42401
2021-06-14,7986,15493,23479,768709,992924,1761633,1956,5054,7010,498443,704818,1203261,0,0,0,0,2,2,12953,29149,16196,3747,11586,7839,,,,9942,20547,30489,1267152,1697744,2964896,16700,24035,40735
2021-06-15,13043,16126,29169,781752,1009050,1790802,5920,6432,12352,504363,711250,1215613,0,0,0,0,2,2,12821,29542,16721,3989,11913,7924,,,,18963,22558,41521,1286115,1720302,3006417,16810,24645,41455
2021-06-16,13844,13345,27189,795596,1022395,1817991,2886,5384,8270,507249,716634,1223883,0,0,0,0,2,2,12929,29931,17003,3867,11894,8027,,,,16730,18729,35459,1302845,1739031,3041876,16796,25029,41826
2021-06-17,14196,15039,29235,809792,1037434,1847226,3801,5867,9668,511050,722501,1233551,0,0,0,0,2,2,12967,30096,17129,3889,11825,7937,,,,17997,20906,38903,1320842,1759937,3080779,16856,25066,41921
2021-06-18,14705,21128,35833,824497,1058562,1883059,5311,9187,14498,516361,731688,1248049,0,0,0,0,2,2,12728,30157,17428,4017,11750,7733,,,,20016,30315,50331,1340858,1790252,3131110,16745,25161,41907
2021-06-19,12138,21217,33355,836635,1079779,1916414,5702,12556,18258,522063,744244,1266307,0,0,0,0,2,2,12407,29764,17357,4161,11781,7620,,,,17840,33773,51613,1358698,1824025,3182723,16568,24977,41545
2021-06-20,7864,16193,24057,844499,1095972,1940471,4601,9301,13902,526664,753545,1280209,0,0,0,0,2,2,11968,28902,16934,4311,11994,7683,,,,12465,25494,37959,1371163,1849519,3220682,16279,24617,40896
2021-06-21,13631,16867,30498,858130,1112839,1970969,5631,9874,15505,532295,763419,1295714,0,0,0,0,2,2,12774,29905,17131,4836,13208,8372,,,,19262,26741,46003,1390425,1876260,3266685,17610,25502,43113
2021-06-22,13831,13972,27803,871961,1126811,1998772,5556,7638,13194,537851,771057,1308908,0,0,0,0,2,2,12887,29710,16823,4784,13328,8544,,,,19387,21610,40997,1409812,1897870,3307682,17671,25367,43038
2021-06-23,12586,14893,27479,884547,1141704,2026251,5333,7872,13205,543184,778929,1322113,0,0,0,0,2,2,12707,29751,17044,5134,14033,8899,,,,17919,22765,40684,1427731,1920635,3348366,17841,25943,43784
2021-06-24,13176,17471,30647,897723,1159175,2056898,5741,10035,15776,548925,788964,1337889,0,0,0,0,2,2,12562,29953,17392,5411,14905,9495,,,,18917,27506,46423,1446648,1948141,3394789,17972,26886,44859
2021-06-25,14946,20486,35432,912669,1179661,2092330,7548,14963,22511,556473,803927,1360400,0,0,0,0,2,2,12596,29896,17300,5730,16050,10320,,,,22494,35449,57943,1469142,1983590,3452732,18326,27620,45946
2021-06-26,10727,19603,30330,923396,1199264,2122660,9515,18714,28229,565988,822641,1388629,0,0,0,0,2,2,12394,29464,17069,6275,17475,11200,,,,20242,38317,58559,1489384,2021907,3511291,18669,28269,46938
2021-06-27,7466,20245,27711,930862,1219509,2150371,7665,14829,22494,573653,837470,1411123,0,0,0,0,2,2,12338,29986,17648,6713,18702,11989,,,,15131,35074,50205,1504515,2056981,3561496,19050,29637,48688
2021-06-28,12098,17226,29324,942960,1236735,2179695,8996,13226,22222,582649,850696,1433345,0,0,0,0,2,2,12119,29818,17699,7193,19662,12468,,,,21094,30452,51546,1525609,2087433,3613042,19312,30168,49480
2021-06-29,13462,19336,32798,956422,1256071,2212493,11229,12042,23271,593878,862738,1456616,0,0,0,0,2,2,12066,30532,18466,8004,21101,13097,,,,24691,31378,56069,1550300,2118811,3669111,20070,31563,51633
2021-06-30,13660,22984,36644,970082,1279055,2249137,11234,12386,23620,605112,875124,1480236,0,0,0,0,2,2,12219,31841,19622,8847,22589,13742,,,,24894,35370,60264,1575194,2154181,3729375,21066,33364,54430
2021-07-01,8008,24701,32709,978090,1303756,2281846,5714,9228,14942,610826,884352,1495178,0,0,0,0,2,2,11481,32135,20654,8843,22470,13627,,,,13722,33929,47651,1588916,2188110,3777026,20324,34281,54605
2021-07-02,12503,22132,34635,990593,1325888,2316481,15665,19815,35480,626491,904167,1530658,0,0,0,0,2,2,11132,32022,20890,10003,24323,14320,,,,28168,41947,70115,1617084,2230057,3847141,21135,35210,56344
2021-07-03,9174,17999,27173,999767,1343887,2343654,12695,21855,34550,639186,926022,1565208,0,0,0,0,2,2,10910,31571,20660,10457,25226,14769,,,,21869,39854,61723,1638953,2269911,3908864,21367,35429,56796
2021-07-04,5870,20957,26827,1005637,1364844,2370481,9829,16292,26121,649015,942314,1591329,0,0,0,0,2,2,10682,31444,20762,10766,25744,14978,,,,15699,37249,52948,1654652,2307160,3961812,21448,35740,57188
2021-07-05,12748,23662,36410,1018385,1388506,2406891,14125,14108,28233,663140,956422,1619562,0,0,0,0,2,2,10775,32457,21682,11499,26602,15104,,,,26873,37770,64643,1681525,2344930,4026455,22274,36785,59059
2021-07-06,11950,22029,33979,1030335,1410535,2440870,12951,12927,25878,676091,969349,1645440,0,0,0,0,2,2,10559,32625,22066,11745,26975,15230,,,,24901,34956,59857,1706426,2379886,4086312,22304,37296,59600
2021-07-07,11362,21723,33085,1041697,1432258,2473955,12111,12078,24189,688202,981427,1669629,0,0,0,0,2,2,10231,32117,21886,11870,27056,15186,,,,23473,33801,57274,1729899,2413687,4143586,22101,37072,59173
2021-07-08,11141,24208,35349,1052838,1456466,2509304,13585,14818,28403,701787,996245,1698032,0,0,0,0,2,2,10678,32494,21816,12994,28979,15985,,,,24726,39026,63752,1754625,2452713,4207338,23673,37800,61473
2021-07-09,11610,20977,32587,1064448,1477443,2541891,15863,21798,37661,717650,1018043,1735693,0,0,0,0,2,2,10551,32201,21651,13023,29291,16268,,,,27473,42775,70248,1782098,2495488,4277586,23573,37919,61492
2021-07-10,7219,16150,23369,1071667,1493593,2565260,15306,25469,40775,732956,1043512,1776468,0,0,0,0,2,2,10271,31658,21387,13396,30180,16784,,,,22525,41619,64144,1804623,2537107,4341730,23667,38171,61838
2021-07-11,4901,21662,26563,1076568,1515255,2591823,11134,17343,28477,744090,1060855,1804945,0,0,0,0,2,2,10133,31620,21487,13582,30517,16934,,,,16035,39005,55040,1820658,2576112,4396770,23715,38422,62137
2021-07-12,12991,23890,36881,1089559,1539145,2628704,8590,16290,24880,752680,1077145,1829825,0,0,0,0,2,2,10168,31688,21520,12791,30038,17246,,,,21581,40180,61761,1842239,2616292,4458531,22959,38766,61725
2021-07-13,11140,24854,35994,1100699,1563999,2664698,11377,12421,23798,764057,1089566,1853623,0,0,0,0,2,2,10052,31975,21923,12567,29740,17174,,,,22517,37275,59792,1864756,2653567,4518323,22619,39097,61716
2021-07-14,9166,24744,33910,1109865,1588743,2698608,11344,12047,23391,775401,1101613,1877014,0,0,0,0,2,2,9738,32093,22355,12457,29626,17169,,,,20510,36791,57301,1885266,2690358,4575624,22195,39524,61720
2021-07-15,9770,23011,32781,1119635,1611754,2731389,13636,16951,30587,789037,1118564,1907601,0,0,0,0,2,2,9542,31726,22184,12464,29938,17474,,,,23406,39962,63368,1908672,2730320,4638992,22007,39658,61665
2021-07-16,10522,21757,32279,1130157,1633511,2763668,15307,21399,36706,804344,1139963,1944307,3,0,3,3,2,5,9387,31682,22295,12385,29802,17417,,,,25832,43156,68988,1934504,2773476,4707980,21772,39713,61485
2021-07-17,7635,18989,26624,1137792,1652500,2790292,14279,22551,36830,818623,1162514,1981137,0,0,0,3,2,5,9446,32147,22701,12238,29238,17000,,,,21914,41540,63454,1956418,2815016,4771434,21685,39701,61386
2021-07-18,5712,20981,26693,1143504,1673481,2816985,9674,18952,28626,828297,1181466,2009763,0,0,0,3,2,5,9562,32166,22604,12030,29260,17230,,,,15386,39933,55319,1971804,2854949,4826753,21592,39834,61426
2021-07-19,10536,25874,36410,1154040,1699355,2853395,13118,15621,28739,841415,1197087,2038502,0,0,0,3,2,5,9212,32099,22887,12676,29811,17135,,,,23654,41495,65149,1995458,2896444,4891902,21888,40022,61910
2021-07-20,9463,25253,34716,1163503,1724608,2888111,12633,14350,26983,854048,1211437,2065485,0,0,0,3,2,5,8972,31916,22944,12856,30266,17410,,,,22096,39603,61699,2017554,2936047,4953601,21828,40354,62183
2021-07-21,8736,25742,34478,1172239,1750350,2922589,11747,14591,26338,865795,1226028,2091823,0,0,0,3,2,5,8911,31997,23087,12913,30687,17774,,,,20483,40333,60816,2038037,2976380,5014417,21824,40860,62685
2021-07-22,9371,23765,33136,1181610,1774115,2955725,12803,18326,31129,878598,1244354,2122952,0,0,0,3,2,5,8854,32048,23194,12794,30764,17970,,,,22174,42091,64265,2060211,3018471,5078682,21648,41164,62813
2021-07-23,10097,16782,26879,1191707,1790897,2982604,15247,28657,43904,893845,1273011,2166856,0,0,0,3,2,5,8793,31277,22484,12786,31793,19007,,,,25344,45439,70783,2085555,3063910,5149465,21579,41491,63069
2021-07-24,8889,15137,24026,1200596,1806034,3006630,12067,28453,40520,905912,1301464,2207376,0,0,0,3,2,5,8972,30905,21933,12470,32320,19850,,,,20956,43590,64546,2106511,3107500,5214011,21442,41783,63225
2021-07-25,5970,19507,25477,1206566,1825541,3032107,8004,22526,30530,913916,1323990,2237906,8,0,8,11,2,13,9009,30732,21723,12231,32592,20361,,,,13982,42033,56015,2120493,3149533,5270026,21241,42083,63325
2021-07-26,11234,21736,32970,1217800,1847277,3065077,11853,21894,33747,925769,1345884,2271653,0,0,0,11,2,13,9109,30240,21132,12051,33307,21257,,,,23087,43630,66717,2143580,3193163,5336743,21160,42388,63549
2021-07-27,10370,24173,34543,1228170,1871450,3099620,11576,18762,30338,937345,1364646,2301991,0,0,0,11,2,13,9238,30216,20977,11900,33787,21887,,,,21946,42935,64881,2165526,3236098,5401624,21139,42864,64003
2021-07-28,10242,22702,32944,1238412,1894152,3132564,11466,18807,30273,948811,1383453,2332264,0,0,0,11,2,13,9453,29996,20543,11859,34349,22489,,,,21708,41509,63217,2187234,3277607,5464841,21314,43032,64346
2021-07-29,11509,21626,33135,1249921,1915778,3165699,8302,21646,29948,957113,1405099,2362212,0,0,0,11,2,13,9759,29996,20238,11216,34180,22964,,,,19811,43272,63083,2207045,3320879,5527924,20976,43201,64177
2021-07-30,11197,20488,31685,1261118,1936266,3197384,14025,24586,38611,971138,1429685,2400823,0,0,0,11,2,13,9916,30683,20767,11042,33424,22382,,,,25222,45074,70296,2232267,3365953,5598220,20959,43149,64108
2021-07-31,8558,21389,29947,1269676,1957655,3227331,12211,22868,35079,983349,1452553,2435902,0,0,0,11,2,13,9869,31529,21660,11062,32647,21584,,,,20769,44257,65026,2253036,3410210,5663246,20932,43244,64176
2021-08-01,6250,22456,28706,1275926,1980111,3256037,7346,19737,27083,990695,1472290,2462985,7,0,7,18,2,20,9909,31990,22081,10968,32154,21186,,,,13603,42193,55796,2266639,3452403,5719042,20878,43267,64145
2021-08-02,13000,23478,36478,1288926,2003589,3292515,11820,20749,32569,1002515,1493039,2495554,0,0,0,18,2,20,10161,32491,22330,10964,31986,21022,,,,24820,44227,69047,2291459,3496630,5788089,21126,43352,64478
2021-08-03,13650,24708,38358,1302576,2028297,3330873,10982,19577,30559,1013497,1512616,2526113,0,0,0,18,2,20,10629,33036,22407,10879,32017,21139,,,,24632,44285,68917,2316091,3540915,5857006,21509,43545,65055
2021-08-04,10476,24732,35208,1313052,2053029,3366081,10466,19759,30225,1023963,1532375,2556338,0,0,0,18,2,20,10663,33360,22697,10736,32011,21275,,,,20942,44491,65433,2337033,3585406,5922439,21400,43971,65371
2021-08-05,10635,24777,35412,1323687,2077806,3401493,10736,21045,31781,1034699,1553420,2588119,1,0,1,19,2,21,10538,33685,23147,11084,32272,21189,,,,21372,45822,67194,2358405,3631228,5989633,21623,44336,65958
2021-08-06,11427,21270,32697,1335114,2099076,3434190,12176,25656,37832,1046875,1579076,2625951,0,0,0,19,2,21,10571,33829,23259,10820,32161,21342,,,,23603,46926,70529,2382008,3678154,6060162,21392,44600,65992
2021-08-07,9734,19900,29634,1344848,2118976,3463824,9132,25843,34975,1056007,1604919,2660926,0,0,0,19,2,21,10739,33785,23046,10380,32146,21767,,,,18866,45743,64609,2400874,3723897,6124771,21120,44812,65932
2021-08-08,5779,24281,30060,1350627,2143257,3493884,5475,19846,25321,1061482,1624765,2686247,3,0,3,22,2,24,10672,33978,23307,10112,31895,21782,,,,11257,44127,55384,2412131,3768024,6180155,20785,45089,65873
2021-08-09,10334,24499,34833,1360961,2167756,3528717,12181,21698,33879,1073663,1646463,2720126,0,0,0,22,2,24,10291,33743,23452,10164,32082,21918,,,,22515,46197,68712,2434646,3814221,6248867,20455,45370,65825
2021-08-10,9889,26875,36764,1370850,2194631,3565481,10227,19829,30056,1083890,1666292,2750182,0,0,0,22,2,24,9753,33515,23762,10056,32010,21954,,,,20116,46704,66820,2454762,3860925,6315687,19810,45716,65526
2021-08-11,9789,26353,36142,1380639,2220984,3601623,8798,20552,29350,1092688,1686844,2779532,0,0,0,22,2,24,9655,33649,23994,9818,31885,22067,,,,18587,46905,65492,2473349,3907830,6381179,19474,46061,65534
2021-08-12,9944,23204,33148,1390583,2244188,3634771,9735,23106,32841,1102423,1709950,2812373,0,0,0,22,2,24,9557,33325,23769,9675,32036,22361,,,,19679,46310,65989,2493028,3954140,6447168,19232,46130,65362
2021-08-13,9895,23619,33514,1400478,2267807,3668285,10957,24047,35004,1113380,1733997,2847377,0,0,0,22,2,24,9338,33442,24104,9501,31632,22132,,,,20852,47666,68518,2513880,4001806,6515686,18839,46236,65075
2021-08-14,8197,22210,30407,1408675,2290017,3698692,9149,24513,33662,1122529,1758510,2881039,0,1,1,22,3,25,9118,33553,24434,9503,31445,21942,,,,17346,46724,64070,2531226,4048530,6579756,18622,46376,64998
2021-08-15,4797,24811,29608,1413472,2314828,3728300,6284,19456,25740,1128813,1777966,2906779,0,0,0,22,3,25,8978,33488,24510,9619,31505,21886,,,,11081,44267,55348,2542307,4092797,6635104,18597,46396,64993
2021-08-16,9113,26303,35416,1422585,2341131,3763716,10264,19355,29619,1139077,1797321,2936398,0,0,0,22,3,25,8803,33571,24768,9345,30896,21551,,,,19377,45658,65035,2561684,4138455,6700139,18148,46319,64467
2021-08-17,8506,25256,33762,1431091,2366387,3797478,8479,19191,27670,1147556,1816512,2964068,1,0,1,23,3,26,8606,33142,24537,9095,30555,21460,,,,16986,44447,61433,2578670,4182902,6761572,17701,45997,63698
2021-08-18,7616,24715,32331,1438707,2391102,3829809,8576,19107,27683,1156132,1835619,2991751,15,16,31,38,19,57,8295,32598,24303,9063,30317,21254,,,,16207,43838,60045,2594877,4226740,6821617,17361,45559,62920
2021-08-19,7573,21169,28742,1446280,2412271,3858551,8882,22017,30899,1165014,1857636,3022650,0,0,0,38,19,57,7957,31969,24012,8942,30040,21098,,,,16455,43186,59641,2611332,4269926,6881258,16901,45112,62013
2021-08-20,8071,18196,26267,1454351,2430467,3884818,10645,26165,36810,1175659,1883801,3059460,0,0,0,38,19,57,7696,30933,23237,8897,30298,21401,,,,18716,44361,63077,2630048,4314287,6944335,16595,44640,61236
2021-08-21,6226,15933,22159,1460577,2446400,3906977,9809,27680,37489,1185468,1911481,3096949,0,3,3,38,22,60,7415,29755,22340,8991,30844,21853,,,,16035,43616,59651,2646083,4357903,7003986,16408,44196,60604
2021-08-22,3537,18447,21984,1464114,2464847,3928961,6359,21915,28274,1191827,1933396,3125223,41,0,41,79,22,101,7235,28666,21431,9002,31206,22204,,,,9937,40362,50299,2656020,4398265,7054285,16245,43638,59883
2021-08-23,7503,19516,27019,1471617,2484363,3955980,10847,21979,32826,1202674,1955375,3158049,0,0,0,79,22,101,7005,27466,20462,9085,31664,22579,,,,18350,41495,59845,2674370,4439760,7114130,16098,43044,59142
2021-08-24,6914,20299,27213,1478531,2504662,3983193,9398,20363,29761,1212072,1975738,3187810,15,10,25,94,32,126,6777,26531,19754,9217,31963,22747,,,,16327,40672,56999,2690697,4480432,7171129,16004,42504,58508
2021-08-25,6230,18773,25003,1484761,2523435,4008196,9593,21756,31349,1221665,1997494,3219159,0,0,0,94,32,126,6579,25484,18905,9362,32487,23125,,,,15823,40529,56352,2706520,4520961,7227481,15949,42032,57981
2021-08-26,6850,16818,23668,1491611,2540253,4031864,11297,25725,37022,1232962,2023219,3256181,0,0,0,94,32,126,6476,24759,18283,9707,33362,23655,,,,18147,42543,60690,2724667,4563504,7288171,16191,41940,58130
2021-08-27,7218,16549,23767,1498829,2556802,4055631,11742,27583,39325,1244704,2050802,3295506,0,0,0,94,32,126,6354,24402,18048,9864,33721,23857,,,,18960,44132,63092,2743627,4607636,7351263,16226,41907,58133
2021-08-28,6302,15766,22068,1505131,2572568,4077699,10697,28110,38807,1255401,2078912,3334313,0,0,0,94,32,126,6365,24389,18024,9990,33909,23919,,,,16999,43876,60875,2760626,4651512,7412138,16363,41944,58307
2021-08-29,3268,15477,18745,1508399,2588045,4096444,6932,25420,32352,1262333,2104332,3366665,33,0,33,127,32,159,6326,23926,17600,10072,34492,24419,,,,10233,40897,51130,2770859,4692409,7463268,16406,42021,58426
2021-08-30,7188,16147,23335,1515587,2604192,4119779,13626,26982,40608,1275959,2131314,3407273,0,0,0,127,32,159,6281,23400,17118,10469,35603,25134,,,,20814,43129,63943,2791673,4735538,7527211,16758,42254,59012
2021-08-31,6360,13903,20263,1521947,2618095,4140042,13764,27349,41113,1289723,2158663,3448386,0,0,0,127,32,159,6202,22407,16205,11093,37225,26132,,,,20124,41252,61376,2811797,4776790,7588587,17300,42337,59637
2021-09-01,5857,16196,22053,1527804,2634291,4162095,9212,18064,27276,1298935,2176727,3475662,0,0,0,127,32,159,6149,21986,15837,11039,36643,25605,,,,15069,34260,49329,2826866,4811050,7637916,17192,41441,58634
2021-09-02,5521,15248,20769,1533325,2649539,4182864,9363,17685,27048,1308298,2194412,3502710,0,0,0,127,32,159,5959,21571,15612,10762,35218,24456,,,,14884,32933,47817,2841750,4843983,7685733,16726,40068,56795
2021-09-03,5388,17069,22457,1538713,2666608,4205321,11077,22689,33766,1319375,2217101,3536476,0,0,0,127,32,159,5698,21384,15687,10667,34424,23757,,,,16465,39758,56223,2858215,4883741,7741956,16370,39444,55813
2021-09-04,4270,18663,22933,1542983,2685271,4228254,10092,24236,34328,1329467,2241337,3570804,0,6,6,127,38,165,5407,21508,16100,10581,33784,23204,,,,14362,42905,57267,2872577,4926646,7799223,15993,39305,55298
2021-09-05,1913,14649,16562,1544896,2699920,4244816,5703,21001,26704,1335170,2262338,3597508,27,0,27,154,38,192,5214,21196,15982,10405,32978,22572,,,,7643,35650,43293,2880220,4962296,7842516,15623,38555,54178
2021-09-06,5089,10367,15456,1549985,2710287,4260272,9866,19999,29865,1345036,2282337,3627373,0,0,0,154,38,192,4914,20070,15156,9868,31443,21575,,,,14955,30366,45321,2895175,4992662,7887837,14786,36732,51518
2021-09-07,4504,8064,12568,1554489,2718351,4272840,8970,18526,27496,1354006,2300863,3654869,0,0,0,154,38,192,4649,18971,14322,9183,29498,20314,,,,13474,26590,40064,2908649,5019252,7927901,13836,34637,48473
2021-09-08,4408,7664,12072,1558897,2726015,4284912,9190,18690,27880,1363196,2319553,3682749,0,0,0,154,38,192,4442,17545,13103,9180,29584,20404,,,,13598,26354,39952,2922247,5045606,7967853,13626,33508,47134
2021-09-09,4570,8839,13409,1563467,2734854,4298321,9577,19844,29421,1372773,2339397,3712170,0,0,0,154,38,192,4306,16494,12188,9211,29923,20712,,,,14147,28683,42830,2936394,5074289,8010683,13521,32901,46421
2021-09-10,5131,10180,15311,1568598,2745034,4313632,10657,25642,36299,1383430,2365039,3748469,0,0,0,154,38,192,4269,15473,11204,9151,30285,21134,,,,15788,35822,51610,2952182,5110111,8062293,13424,32339,45762
2021-09-11,3800,12615,16415,1572398,2757649,4330047,9548,27572,37120,1392978,2392611,3785589,0,0,0,154,38,192,4202,14542,10340,9073,30684,21611,,,,13348,40187,53535,2965530,5150298,8115828,13279,31950,45229
2021-09-12,1673,8608,10281,1574071,2766257,4340328,5141,20837,25978,1398119,2413448,3811567,0,0,0,154,38,192,4168,13645,9477,8993,30580,21587,,,,6814,29445,36259,2972344,5179743,8152087,13161,31064,44224
2021-09-13,4342,6180,10522,1578413,2772437,4350850,8790,16975,25765,1406909,2430423,3837332,0,0,0,154,38,192,4061,12940,8879,8839,29994,21155,,,,13132,23155,36287,2985476,5202898,8188374,12900,30034,42934
2021-09-14,3829,4388,8217,1582242,2776825,4359067,7566,14081,21647,1414475,2444504,3858979,0,0,0,154,38,192,3965,12318,8353,8638,29159,20520,,,,11395,18469,29864,2996871,5221367,8218238,12603,28874,41477
2021-09-15,3777,4530,8307,1586019,2781355,4367374,7390,13927,21317,1421865,2458431,3880296,0,0,0,154,38,192,3875,11780,7906,8381,28221,19840,,,,11167,18457,29624,3008038,5239824,8247862,12256,27745,40001
2021-09-16,3368,5394,8762,1589387,2786749,4376136,7384,14699,22083,1429249,2473130,3902379,17,22,39,171,60,231,3703,11116,7414,8068,27173,19105,,,,10769,20115,30884,3018807,5259939,8278746,11773,26521,38295
2021-09-17,3852,7331,11183,1593239,2794080,4387319,8289,18164,26453,1437538,2491294,3928832,5,9,14,176,69,245,3520,10527,7007,7730,25766,18036,,,,12146,25504,37650,3030953,5285443,8316396,11253,25047,36300
2021-09-18,2746,8774,11520,1595985,2802854,4398839,7323,21669,28992,1444861,2512963,3957824,0,2,2,176,71,247,3370,9827,6458,7412,24605,17193,,,,10069,30445,40514,3041022,5315888,8356910,10785,23656,34440
2021-09-19,1150,5129,6279,1597135,2807983,4405118,3862,13361,17223,1448723,2526324,3975047,23,0,23,199,71,270,3295,9256,5961,7229,23354,16125,,,,5035,18490,23525,3046057,5334378,8380435,10530,22091,32621
2021-09-20,3181,4284,7465,1600316,2812267,4412583,6972,10548,17520,1455695,2536872,3992567,0,0,0,199,71,270,3129,8819,5690,6969,22176,15207,,,,10153,14832,24985,3056210,5349210,8405420,10105,20902,31007
2021-09-21,2323,3230,5553,1602639,2815497,4418136,5085,7972,13057,1460780,2544844,4005624,5,6,11,204,77,281,2914,8438,5525,6615,20949,14334,,,,7413,11208,18621,3063623,5360418,8424041,9536,19864,29400
2021-09-22,851,3307,4158,1603490,2818804,4422294,2374,10029,12403,1463154,2554873,4018027,0,0,0,204,77,281,2496,7846,5350,5898,19676,13777,,,,3225,13336,16561,3066848,5373754,8440602,8401,19133,27534
2021-09-23,3629,4454,8083,1607119,2823258,4430377,9289,16439,25728,1472443,2571312,4043755,0,0,0,204,77,281,2533,7749,5216,6171,20197,14026,,,,12918,20893,33811,3079766,5394647,8474413,8708,19244,27952
2021-09-24,4238,6752,10990,1611357,2830010,4441367,8155,18167,26322,1480598,2589479,4070077,0,0,0,204,77,281,2588,7721,5133,6151,20178,14026,,,,12393,24919,37312,3092159,5419566,8511725,8744,19160,27904
2021-09-25,3155,6945,10100,1614512,2836955,4451467,7293,21708,29001,1487891,2611187,4099078,0,0,0,204,77,281,2647,7518,4872,6147,20179,14032,,,,10448,28653,39101,3102607,5448219,8550826,8798,18904,27702
2021-09-26,1420,4504,5924,1615932,2841459,4457391,3594,14130,17724,1491485,2625317,4116802,0,0,0,204,77,281,2685,7468,4782,6109,20251,14142,,,,5014,18634,23648,3107621,5466853,8574474,8795,18925,27720
2021-09-27,4092,4335,8427,1620024,2845794,4465818,7109,11206,18315,1498594,2636523,4135117,4,4,8,208,81,289,2815,7605,4790,6128,20364,14236,,,,11205,15545,26750,3118826,5482398,8601224,8945,19027,27972
2021-09-28,3614,3459,7073,1623638,2849253,4472891,6622,8245,14867,1505216,2644768,4149984,0,2,2,208,83,291,3000,7822,4822,6348,20623,14275,,,,10236,11706,21942,3129062,5494104,8623166,9348,19098,28446
2021-09-29,2918,4868,7786,1626556,2854121,4480677,6738,9109,15847,1511954,2653877,4165831,0,0,0,208,83,291,3295,8340,5045,6971,21115,14143,,,,9656,13977,23633,3138718,5508081,8646799,10267,19190,29457
2021-09-30,3604,8288,11892,1630160,2862409,4492569,6698,11703,18401,1518652,2665580,4184232,0,0,0,208,83,291,3292,8885,5593,6601,20068,13467,,,,10302,19991,30293,3149020,5528072,8677092,9893,19061,28954
2021-10-01,1213,4250,5463,1631373,2866659,4498032,2034,8097,10131,1520686,2673677,4194363,0,0,0,208,83,291,2859,8095,5236,5727,17755,12028,,,,3247,12347,15594,3152267,5540419,8692686,8587,17265,25852
2021-10-02,2063,3543,5606,1633436,2870202,4503638,5904,11153,17057,1526590,2684830,4211420,0,0,0,208,83,291,2703,7453,4750,5528,16049,10520,,,,7967,14696,22663,3160234,5555115,8715349,8232,15271,23503
2021-10-03,1030,2377,3407,1634466,2872579,4507045,2106,7241,9347,1528696,2692071,4220767,0,0,0,208,83,291,2648,7093,4446,5316,14852,9536,,,,3136,9618,12754,3163370,5564733,8728103,7964,13983,21947
2021-10-04,2563,2858,5421,1637029,2875437,4512466,6087,6204,12291,1534783,2698275,4233058,0,0,0,208,83,291,2429,6664,4235,5170,13992,8822,,,,8650,9062,17712,3172020,5573795,8745815,7599,13057,20656
2021-10-05,2678,2478,5156,1639707,2877915,4517622,4670,4200,8870,1539453,2702475,4241928,0,0,0,208,83,291,2296,6390,4095,4891,13135,8244,,,,7348,6678,14026,3179368,5580473,8759841,7187,12338,19525
2021-10-06,2041,2299,4340,1641748,2880214,4521962,4271,3959,8230,1543724,2706434,4250158,0,0,0,208,83,291,2170,5898,3728,4539,12047,7508,,,,6312,6258,12570,3185680,5586731,8772411,6709,11236,17945
2021-10-07,2163,2538,4701,1643911,2882752,4526663,4490,4759,9249,1548214,2711193,4259407,0,0,0,208,83,291,1964,4871,2906,4223,10739,6516,,,,6653,7297,13950,3192333,5594028,8786361,6188,9422,15610
2021-10-08,1656,2772,4428,1645567,2885524,4531091,4810,6130,10940,1553024,2717323,4270347,0,0,0,208,83,291,2028,4723,2695,4620,10855,6235,,,,6466,8902,15368,3198799,5602930,8801729,6647,8930,15578
2021-10-09,26,0,26,1645593,2885524,4531117,43,0,43,1553067,2717323,4270390,0,0,0,208,83,291,1737,3926,2189,3782,8424,4642,,,,69,0,69,3198868,5602930,8801798,5519,6831,12350
2021-10-10,1108,3147,4255,1646701,2888671,4535372,3595,10658,14253,1556662,2727981,4284643,51,0,51,259,83,342,1748,4047,2299,3995,9125,5130,,,,4754,13805,18559,3203622,5616735,8820357,5750,7429,13179
2021-10-11,2491,2991,5482,1649192,2891662,4540854,5812,4149,9961,1562474,2732130,4294604,0,0,0,259,83,342,1738,4055,2318,3956,8792,4836,,,,8303,7140,15443,3211925,5623875,8835800,5701,7154,12855
2021-10-12,1480,1347,2827,1650672,2893009,4543681,3516,2169,5685,1565990,2734299,4300289,0,0,0,259,83,342,1566,3723,2156,3791,8337,4546,,,,4996,3516,8512,3216921,5627391,8844312,5365,6703,12067
2021-10-13,38,0,38,1650710,2893009,4543719,178,0,178,1566168,2734299,4300467,0,0,0,259,83,342,1280,3108,1828,3206,7187,3981,,,,216,0,216,3217137,5627391,8844528,4494,5809,10302
2021-10-14,792,2546,3338,1651502,2895555,4547057,2141,5889,8030,1568309,2740188,4308497,0,0,0,259,83,342,1084,2913,1829,2871,7013,4142,,,,2933,8435,11368,3220070,5635826,8855896,3962,5971,9934
2021-10-15,2142,3403,5545,1653644,2898958,4552602,6981,6966,13947,1575290,2747154,4322444,0,1,1,259,84,343,1154,3073,1919,3181,7442,4262,,,,9123,10370,19493,3229193,5646196,8875389,4342,6181,10523
2021-10-16,2301,3856,6157,1655945,2902814,4558759,4261,8094,12355,1579551,2755248,4334799,0,0,0,259,84,343,1479,3949,2470,3783,9201,5418,,,,6562,11950,18512,3235755,5658146,8893901,5270,7888,13158
2021-10-17,763,1826,2589,1656708,2904640,4561348,1444,4149,5593,1580995,2759397,4340392,0,0,0,259,84,343,1430,3711,2281,3476,7964,4488,,,,2207,5975,8182,3237962,5664121,8902083,4906,6769,11675
2021-10-18,2081,2560,4641,1658789,2907200,4565989,3753,3882,7635,1584748,2763279,4348027,0,9,9,259,93,352,1371,3591,2220,3182,7632,4450,,,,5834,6451,12285,3243796,5670572,8914368,4553,6671,11224
2021-10-19,1775,2256,4031,1660564,2909456,4570020,2569,2754,5323,1587317,2766033,4353350,1,13,14,260,106,366,1413,3763,2350,3047,7580,4533,,,,4345,5023,9368,3248141,5675595,8923736,4460,6886,11346
2021-10-20,1570,1901,3471,1662134,2911357,4573491,1458,3215,4673,1588775,2769248,4358023,1,11,12,261,117,378,1632,4253,2621,3230,8222,4993,,,,3029,5127,8156,3251170,5680722,8931892,4862,7619,12481
2021-10-21,2062,2028,4090,1664196,2913385,4577581,3320,4076,7396,1592095,2773324,4365419,0,14,14,261,131,392,1813,4361,2547,3398,8132,4734,,,,5382,6118,11500,3256552,5686840,8943392,5212,7288,12499
2021-10-22,2410,3210,5620,1666606,2916595,4583201,4177,5217,9394,1596272,2778541,4374813,0,3,3,261,134,395,1852,4371,2520,2997,7481,4484,,,,6587,8430,15017,3263139,5695270,8958409,4849,7011,11860
2021-10-23,1475,3051,4526,1668081,2919646,4587727,3787,5780,9567,1600059,2784321,4384380,0,7,7,261,141,402,1734,4138,2405,2930,7083,4153,,,,5262,8838,14100,3268401,5704108,8972509,4664,6566,11230
2021-10-24,692,1764,2456,1668773,2921410,4590183,1574,2900,4474,1601633,2787221,4388854,21,0,21,282,141,423,1724,4119,2396,2948,6923,3975,,,,2287,4664,6951,3270688,5708772,8979460,4675,6379,11054
2021-10-25,1782,2080,3862,1670555,2923490,4594045,3897,3118,7015,1605530,2790339,4395869,36,71,107,318,212,530,1681,4008,2327,2969,6835,3866,,,,5715,5269,10984,3276403,5714041,8990444,4658,6210,10868
2021-10-26,1521,1916,3437,1672076,2925406,4597482,3732,2441,6173,1609262,2792780,4402042,5,24,29,323,236,559,1645,3923,2279,3135,6956,3821,,,,5258,4381,9639,3281661,5718422,9000083,4789,6118,10907
2021-10-27,1705,1895,3600,1673781,2927301,4601082,2527,2440,4967,1611789,2795220,4407009,0,19,19,323,255,578,1664,3942,2278,3288,6998,3710,,,,4232,4354,8586,3285893,5722776,9008669,4960,6008,10968
2021-10-28,1698,2202,3900,1675479,2929503,4604982,3118,2777,5895,1614907,2797997,4412904,37,69,106,360,324,684,1612,3914,2303,3259,6784,3525,,,,4853,5048,9901,3290746,5727824,9018570,4885,5855,10740
2021-10-29,1860,3191,5051,1677339,2932694,4610033,2011,2854,4865,1616918,2800851,4417769,0,8,8,360,332,692,1533,3833,2300,2949,6137,3187,,,,3871,6053,9924,3294617,5733877,9028494,4497,5515,10012
2021-10-30,1932,2991,4923,1679271,2935685,4614956,2676,1455,4131,1619594,2802306,4421900,3,11,14,363,343,706,1599,3890,2291,2791,5360,2569,,,,4611,4457,9068,3299228,5738334,9037562,4404,4889,9293
2021-10-31,805,1942,2747,1680076,2937627,4617703,1288,2265,3553,1620882,2804571,4425453,1,0,1,364,343,707,1615,3931,2317,2750,5228,2479,,,,2094,4207,6301,3301322,5742541,9043863,4376,4824,9200
2021-11-01,1753,2137,3890,1681829,2939764,4621593,2357,2149,4506,1623239,2806720,4429959,0,22,22,364,365,729,1611,3935,2325,2530,4870,2340,,,,4110,4308,8418,3305432,5746849,9052281,4147,4687,8834
2021-11-02,1692,2256,3948,1683521,2942020,4625541,2212,1368,3580,1625451,2808088,4433539,0,17,17,364,382,746,1635,4008,2373,2313,4500,2187,,,,3904,3641,7545,3309336,5750490,9059826,3954,4581,8535
2021-11-03,996,402,1398,1684517,2942422,4626939,1364,37,1401,1626815,2808125,4434940,0,0,0,364,382,746,1534,3694,2160,2147,3990,1844,,,,2360,439,2799,3311696,5750929,9062625,3686,4022,7708
2021-11-04,1742,2761,4503,1686259,2945183,4631442,2525,1496,4021,1629340,2809621,4438961,0,21,21,364,403,767,1540,3780,2240,2062,3722,1661,,,,4267,4278,8545,3315963,5755207,9071170,3602,3912,7514
2021-11-05,1822,3292,5114,1688081,2948475,4636556,2114,2445,4559,1631454,2812066,4443520,1,9,10,365,412,777,1535,3789,2254,2077,3679,1602,,,,3937,5746,9683,3319900,5760953,9080853,3612,3868,7480
2021-11-06,1727,3951,5678,1689808,2952426,4642234,887,4029,4916,1632341,2816095,4448436,0,3,3,365,415,780,1505,3897,2392,1821,3791,1970,,,,2614,7983,10597,3322514,5768936,9091450,3327,4372,7698
2021-11-07,882,2363,3245,1690690,2954789,4645479,1118,1958,3076,1633459,2818053,4451512,0,0,0,365,415,780,1516,3968,2452,1797,3723,1926,,,,2000,4321,6321,3324514,5773257,9097771,3313,4388,7701
2021-11-08,1815,2291,4106,1692505,2957080,4649585,2347,2038,4385,1635806,2820091,4455897,0,19,19,365,434,799,1525,3999,2474,1795,3705,1910,,,,4162,4348,8510,3328676,5777605,9106281,3321,4394,7714
2021-11-09,1596,2251,3847,1694101,2959331,4653432,1574,1732,3306,1637380,2821823,4459203,0,17,17,365,451,816,1511,3984,2473,1704,3666,1962,,,,3170,4000,7170,3331846,5781605,9113451,3216,4445,7661
2021-11-10,945,353,1298,1695046,2959684,4654730,321,305,626,1637701,2822128,4459829,0,0,0,365,451,816,1504,3970,2466,1555,3556,2000,,,,1266,658,1924,3333112,5782263,9115375,3059,4476,7536
2021-11-11,1609,2539,4148,1696655,2962223,4658878,803,2524,3327,1638504,2824652,4463156,6382,10489,16871,6747,10940,17687,1485,3919,2434,1309,3456,2147,,,,8794,15552,24346,3341906,5797815,9139721,3706,6087,9793
2021-11-12,1990,3503,5493,1698645,2965726,4664371,1930,2354,4284,1640434,2827006,4467440,4411,5686,10097,11158,16626,27784,1509,3974,2464,1283,3417,2134,,,,8331,11543,19874,3350237,5809358,9159595,4334,6915,11249
2021-11-13,1674,4007,5681,1700319,2969733,4670052,2312,3143,5455,1642746,2830149,4472895,3810,5917,9727,14968,22543,37511,1502,3974,2472,1486,3494,2008,,,,7796,13067,20863,3358033,5822425,9180458,5074,7641,12715
2021-11-14,879,2452,3331,1701198,2972185,4673383,903,1760,2663,1643649,2831909,4475558,2323,3491,5814,17291,26034,43325,1501,3986,2485,1456,3435,1979,,,,4105,7703,11808,3362138,5830128,9192266,5375,8124,13499
2021-11-15,1897,2353,4250,1703095,2974538,4677633,1855,1850,3705,1645504,2833759,4479263,3309,3819,7128,20600,29853,50453,1513,4007,2494,1385,3338,1953,,,,7061,8022,15083,3369199,5838150,9207349,5789,8649,14438
2021-11-16,1909,2370,4279,1705004,2976908,4681912,1707,1749,3456,1647211,2835508,4482719,2919,3287,6206,23519,33140,56659,1558,4069,2511,1404,3359,1955,,,,6535,7406,13941,3375734,5845556,9221290,6270,9136,15406
2021-11-17,1019,387,1406,1706023,2977295,4683318,989,345,1334,1648200,2835853,4484053,1125,276,1401,24644,33416,58060,1568,4084,2516,1500,3461,1961,3468,8178,4709,3133,1008,4141,3378867,5846564,9225431,6536,9186,15722
2021-11-18,2072,3355,5427,1708095,2980650,4688745,2269,2428,4697,1650469,2838281,4488750,3070,3491,6561,27714,36907,64621,1634,4267,2632,1709,3656,1947,2995,6705,3710,7411,9274,16685,3386278,5855838,9242116,6339,8289,14628
2021-11-19,2155,3693,5848,1710250,2984343,4694593,2208,2489,4697,1652677,2840770,4493447,2944,3160,6104,30658,40067,70725,1658,4317,2660,1749,3715,1966,2786,6134,3349,7307,9342,16649,3393585,5865180,9258765,6193,7975,14167
2021-11-20,2087,4496,6583,1712337,2988839,4701176,1748,3130,4878,1654425,2843900,4498325,2660,3523,6183,33318,43590,76908,1717,4446,2729,1668,3633,1964,2621,5628,3007,6495,11149,17644,3400080,5876329,9276409,6007,7701,13707
2021-11-21,1126,2599,3725,1713463,2991438,4704901,829,1979,2808,1655254,2845879,4501133,1867,2343,4210,35185,45933,81118,1752,4503,2750,1658,3654,1996,2556,5399,2843,3822,6921,10743,3403902,5883250,9287152,5966,7589,13555
2021-11-22,1985,2492,4477,1715448,2993930,4709378,1756,1950,3706,1657010,2847829,4504839,3032,3239,6271,38217,49172,87389,1765,4535,2770,1644,3654,2010,2517,5277,2760,6773,7681,14454,3410675,5890931,9301606,5925,7540,13465
2021-11-23,1839,2262,4101,1717287,2996192,4713479,1584,1951,3535,1658594,2849780,4508374,5525,3932,9457,43742,53104,96846,1755,4510,2755,1626,3665,2039,2889,5741,2852,8948,8145,17093,3419623,5899076,9318699,6270,7646,13916
2021-11-24,1165,404,1569,1718452,2996596,4715048,996,309,1305,1659590,2850089,4509679,2272,368,2640,46014,53472,99486,1776,4533,2757,1627,3661,2034,3053,5918,2865,4433,1081,5514,3424056,5900157,9324213,6456,7656,14112
2021-11-25,2332,3403,5735,1720784,2999999,4720783,1998,2229,4227,1661588,2852318,4513906,7006,4921,11927,53020,58393,111413,1813,4577,2764,1588,3594,2005,3615,6685,3069,11336,10553,21889,3435392,5910710,9346102,7016,7839,14855
2021-11-26,2498,4247,6745,1723282,3004246,4727528,1861,2520,4381,1663449,2854838,4518287,6561,4548,11109,59581,62941,122522,1862,4705,2843,1539,3549,2010,4132,7400,3268,10920,11315,22235,3446312,5922025,9368337,7532,8121,15653
2021-11-27,2692,5658,8350,1725974,3009904,4735878,1980,3366,5346,1665429,2858204,4523633,7574,5402,12976,67155,68343,135498,1948,4957,3009,1572,3615,2043,4834,8370,3536,12246,14426,26672,3458558,5936451,9395009,8354,8589,16943
2021-11-28,1691,3983,5674,1727665,3013887,4741552,1001,2197,3198,1666430,2860401,4526831,6709,4096,10805,73864,72439,146303,2029,5236,3207,1597,3671,2075,5526,9312,3787,9401,10276,19677,3467959,5946727,9414686,9151,9068,18219
2021-11-29,3418,3736,7154,1731083,3017623,4748706,1795,2133,3928,1668225,2862534,4530759,6426,4268,10694,80290,76707,156997,2234,5618,3385,1602,3703,2101,6010,9944,3934,11639,10137,21776,3479598,5956864,9436462,9846,9419,19265
2021-11-30,3401,4092,7493,1734484,3021715,4756199,1695,2044,3739,1669920,2864578,4534498,5788,4257,10045,86078,80964,167042,2457,6103,3646,1618,3732,2114,6048,10028,3980,10884,10393,21277,3490482,5967257,9457739,10123,9740,19863
2021-12-01,1588,481,2069,1736072,3022196,4758268,1022,316,1338,1670942,2864894,4535836,2132,396,2528,88210,81360,169570,2517,6174,3657,1622,3737,2115,6028,10012,3984,4742,1193,5935,3495224,5968450,9463674,10167,9756,19923
2021-12-02,2802,2317,5119,1738874,3024513,4763387,1779,2054,3833,1672721,2866948,4539669,5775,4557,10332,93985,85917,179902,2584,6086,3502,1590,3680,2090,5852,9784,3932,10356,8928,19284,3505580,5977378,9482958,10027,9524,19551
2021-12-03,3670,2918,6588,1742544,3027431,4769975,1729,2834,4563,1674450,2869782,4544232,5331,4032,9363,99316,89949,189265,2752,6064,3312,1572,3706,2135,5676,9535,3858,10730,9784,20514,3516310,5987162,9503472,10000,9305,19305
2021-12-04,3085,3348,6433,1745629,3030779,4776408,1777,3370,5147,1676227,2873152,4549379,5603,4697,10300,104919,94646,199565,2808,5790,2982,1543,3678,2135,5395,9152,3758,10465,11415,21880,3526775,5998577,9525352,9745,8875,18620
2021-12-05,1625,2314,3939,1747254,3033093,4780347,1045,2158,3203,1677272,2875310,4552582,4680,3427,8107,109599,98073,207672,2798,5542,2744,1549,3679,2130,5105,8767,3662,7350,7899,15249,3534125,6006476,9540601,9452,8536,17988
2021-12-06,2635,2182,4817,1749889,3035275,4785164,1746,2104,3850,1679018,2877414,4556432,4661,3616,8277,114260,101689,215949,2687,5208,2522,1542,3668,2126,4853,8422,3569,9042,7902,16944,3543167,6014378,9557545,9081,8216,17298
2021-12-07,2569,2070,4639,1752458,3037345,4789803,1611,1834,3445,1680629,2879248,4559877,4538,3576,8114,118798,105265,224063,2568,4801,2233,1530,3626,2096,4674,8146,3472,8718,7480,16198,3551885,6021858,9573743,8772,7800,16572
2021-12-08,1675,431,2106,1754133,3037776,4791909,978,330,1308,1681607,2879578,4561185,1912,404,2316,120710,105669,226379,2580,4806,2226,1524,3621,2098,4643,8116,3473,4565,1165,5730,3556450,6023023,9579473,8747,7796,16543
2021-12-09,2546,2135,4681,1756679,3039911,4796590,1543,2684,4227,1683150,2882262,4565412,4823,4034,8857,125533,109703,235236,2544,4743,2200,1490,3678,2188,4507,7905,3398,8912,8853,17765,3565362,6031876,9597238,8540,7785,16326
2021-12-10,2735,2453,5188,1759414,3042364,4801778,1908,2964,4872,1685058,2885226,4570284,4131,3703,7834,129664,113406,243070,2410,4543,2133,1515,3722,2206,4335,7686,3351,8774,9120,17894,3574136,6040996,9615132,8261,7691,15951
2021-12-11,2512,2627,5139,1761926,3044991,4806917,1764,3930,5694,1686822,2889156,4575978,4497,4037,8534,134161,117443,251604,2328,4358,2030,1514,3800,2286,4177,7434,3257,8773,10594,19367,3582909,6051590,9634499,8019,7573,15592
2021-12-12,1231,1782,3013,1763157,3046773,4809930,972,2455,3427,1687794,2891611,4579405,3615,3304,6919,137776,120747,258523,2272,4226,1954,1503,3832,2329,4025,7264,3239,5818,7541,13359,3588727,6059131,9647858,7800,7522,15322
2021-12-13,2146,1788,3934,1765303,3048561,4813864,1765,2202,3967,1689559,2893813,4583372,4396,3611,8007,142172,124358,266530,2202,4100,1898,1506,3849,2343,3987,7226,3238,8307,7601,15908,3597034,6066732,9663766,7695,7479,15174
2021-12-14,1977,1607,3584,1767280,3050168,4817448,1733,1833,3566,1691292,2895646,4586938,3999,3387,7386,146171,127745,273916,2117,3949,1832,1523,3866,2343,3910,7122,3211,7709,6827,14536,3604743,6073559,9678302,7551,7386,14937
2021-12-15,1364,401,1765,1768644,3050569,4819213,1018,342,1360,1692310,2895988,4588298,1804,543,2347,147975,128288,276263,2073,3901,1828,1529,3873,2344,3895,7126,3231,4186,1286,5472,3608929,6074845,9683774,7497,7403,14900
2021-12-16,2187,2092,4279,1770831,3052661,4823492,1970,2690,4660,1694280,2898678,4592958,4940,4351,9291,152915,132639,285554,2022,3843,1821,1590,3935,2345,3912,7188,3277,9097,9133,18230,3618026,6083978,9702004,7523,7443,14967
2021-12-17,2195,2121,4316,1773026,3054782,4827808,2014,3160,5174,1696294,2901838,4598132,4108,3743,7851,157023,136382,293405,1945,3719,1774,1605,3978,2373,3908,7191,3282,8317,9024,17341,3626343,6093002,9719345,7458,7429,14888
2021-12-18,1838,2268,4106,1774864,3057050,4831914,1976,4430,6406,1698270,2906268,4604538,4115,3954,8069,161138,140336,301474,1848,3571,1723,1635,4080,2445,3854,7124,3270,7929,10652,18581,3634272,6103654,9737926,7338,7438,14775
2021-12-19,969,1577,2546,1775833,3058627,4834460,1249,3341,4590,1699519,2909609,4609128,3335,3300,6635,164473,143636,308109,1811,3504,1693,1675,4246,2571,3814,7084,3270,5553,8218,13771,3639825,6111872,9751697,7300,7534,14834
2021-12-20,1703,1552,3255,1777536,3060179,4837715,1863,3011,4874,1701382,2912620,4614002,3614,3376,6990,168087,147012,315099,1748,3407,1660,1689,4376,2687,3702,6938,3236,7180,7939,15119,3647005,6119811,9766816,7139,7583,14721
2021-12-21,1456,1445,2901,1778992,3061624,4840616,1331,2705,4036,1702713,2915325,4618038,2721,2840,5561,170808,149852,320660,1673,3310,1637,1632,4443,2811,3520,6678,3158,5508,6990,12498,3652513,6126801,9779314,6824,7606,14430
2021-12-22,1376,459,1835,1780368,3062083,4842451,1235,499,1734,1703948,2915824,4619772,1638,542,2180,172446,150394,322840,1675,3320,1645,1663,4496,2834,3496,6654,3158,4249,1500,5749,3656762,6128301,9785063,6833,7637,14470
2021-12-23,2440,2530,4970,1782808,3064613,4847421,2234,2852,5086,1706182,2918676,4624858,4347,4231,8578,176793,154625,331418,1711,3418,1707,1700,4557,2857,3411,6552,3141,9021,9613,18634,3665783,6137914,9803697,6822,7705,14528
2021-12-24,1953,2079,4032,1784761,3066692,4851453,1995,2309,4304,1708177,2920985,4629162,3137,3890,7027,179930,158515,338445,1676,3378,1701,1698,4433,2735,3272,6434,3162,7085,8278,15363,3672868,6146192,9819060,6646,7599,14245
2021-12-25,1071,1813,2884,1785832,3068505,4854337,1461,2219,3680,1709638,2923204,4632842,2809,3741,6550,182739,162256,344995,1567,3203,1636,1624,4043,2419,3086,6217,3131,5341,7773,13114,3678209,6153965,9832174,6277,7187,13464
2021-12-26,780,1584,2364,1786612,3070089,4856701,1528,2246,3774,1711166,2925450,4636616,2399,3338,5737,185138,165594,350732,1540,3177,1637,1664,3927,2263,2952,6089,3137,4707,7168,11875,3682916,6161133,9844049,6156,7037,13193
2021-12-27,695,1381,2076,1787307,3071470,4858777,1634,2559,4193,1712800,2928009,4640809,1939,3439,5378,187077,169033,356110,1396,3009,1613,1631,3830,2198,2713,5859,3146,4268,7379,11647,3687184,6168512,9855696,5740,6957,12697
2021-12-28,2000,2545,4545,1789307,3074015,4863322,4319,3830,8149,1717119,2931839,4648958,4230,6126,10356,191307,175159,366466,1474,3244,1770,2058,4417,2359,2928,6544,3615,10549,12501,23050,3697733,6181013,9878746,6460,7745,14205
2021-12-29,1641,731,2372,1790948,3074746,4865694,2077,753,2830,1719196,2932592,4651788,2003,1027,3030,193310,176186,369496,1511,3320,1809,2178,4574,2395,2981,6665,3685,5721,2511,8232,3703454,6183524,9886978,6670,7889,14559
2021-12-30,2807,2818,5625,1793755,3077564,4871319,3170,2063,5233,1722366,2934655,4657021,5248,4347,9595,198558,180533,379091,1564,3414,1850,2312,4595,2283,3109,6810,3701,11225,9228,20453,3714679,6192752,9907431,6985,7834,14819
2021-12-31,2659,2573,5232,1796414,3080137,4876551,3285,1705,4990,1725651,2936360,4662011,4253,3729,7982,202811,184262,387073,1665,3585,1921,2496,4693,2196,3269,6947,3678,10197,8007,18204,3724876,6200759,9925635,7430,7795,15225
2022-01-01,2943,4195,7138,1799357,3084332,4883689,1602,1584,3186,1727253,2937944,4665197,2287,5726,8013,205098,189988,395086,1932,4193,2261,2516,4622,2106,3194,7156,3962,6832,11505,18337,3731708,6212264,9943972,7643,8328,15971
2022-01-02,3434,4137,7571,1802791,3088469,4891260,1682,1961,3643,1728935,2939905,4668840,2983,7709,10692,208081,197697,405778,2311,4937,2626,2538,4603,2065,3278,7864,4586,8099,13807,21906,3739807,6226071,9965878,8127,9277,17404
2022-01-03,11146,6791,17937,1813937,3095260,4909197,3060,2253,5313,1731995,2942158,4674153,5787,9806,15593,213868,207503,421371,3804,7203,3399,2742,4763,2021,3827,9323,5496,19993,18850,38843,3759800,6244921,10004721,10374,10916,21289
2022-01-04,11056,7133,18189,1824993,3102393,4927386,2594,1729,4323,1734589,2943887,4678476,6231,10360,16591,220099,217863,437962,5098,9152,4054,2496,4217,1721,4113,10214,6101,19881,19222,39103,3779681,6264143,10043824,11707,11876,23583
2022-01-05,10604,7660,18264,1835597,3110053,4945650,1837,785,2622,1736426,2944672,4681098,6458,11294,17752,226557,229157,455714,6378,11422,5044,2461,4187,1726,4750,12317,7567,18899,19739,38638,3798580,6283882,10082462,13589,14337,27926
2022-01-06,11312,6928,18240,1846909,3116981,4963890,2665,1976,4641,1739091,2946648,4685739,7579,11073,18652,234136,240230,474366,7593,13224,5631,2389,4103,1713,5083,13611,8528,21556,19977,41533,3820136,6303859,10123995,15065,15872,30938
2022-01-07,13307,7554,20861,1860216,3124535,4984751,2971,2252,5223,1742062,2948900,4690962,7757,11288,19045,241893,251518,493411,9115,15457,6343,2344,4136,1791,5583,15191,9608,24035,21094,45129,3844171,6324953,10169124,17042,17742,34784
2022-01-08,10112,6301,16413,1870328,3130836,5001164,2970,2396,5366,1745032,2951296,4696328,5631,9277,14908,247524,260795,508319,10139,16782,6643,2540,4447,1907,6061,16176,10115,18713,17974,36687,3862884,6342927,10205811,18739,18666,37406
2022-01-09,5000,5971,10971,1875328,3136807,5012135,1384,1545,2929,1746416,2952841,4699257,4362,9829,14191,251886,270624,522510,10362,17268,6905,2497,4345,1848,6258,16676,10418,10746,17345,28091,3873630,6360272,10233902,19118,19172,38289
2022-01-10,12867,7007,19874,1888195,3143814,5032009,2210,1624,3834,1748626,2954465,4703091,8816,12628,21444,260702,283252,543954,10608,17545,6936,2376,4134,1758,6691,17512,10821,23893,21259,45152,3897523,6381531,10279054,19675,19516,39190
2022-01-11,12148,6989,19137,1900343,3150803,5051146,2133,1365,3498,1750759,2955830,4706589,8532,12299,20831,269234,295551,564785,10764,17680,6916,2310,4016,1706,7019,18118,11098,22813,20653,43466,3920336,6402184,10322520,20094,19720,39814
2022-01-12,11240,6869,18109,1911583,3157672,5069255,1452,785,2237,1752211,2956615,4708826,7938,12264,20202,277172,307815,584987,10855,17658,6803,2255,3961,1706,7231,18468,11237,20630,19918,40548,3940966,6422102,10363068,20341,19746,40087
2022-01-13,10930,6953,17883,1922513,3164625,5087138,2191,1939,4130,1754402,2958554,4712956,8233,13054,21287,285405,320869,606274,10801,17607,6806,2187,3888,1701,7324,18844,11520,21354,21946,43300,3962320,6444048,10406368,20312,20027,40339
2022-01-14,11325,8684,20009,1933838,3173309,5107147,2333,2019,4352,1756735,2960573,4717308,7285,13044,20329,292690,333913,626603,10517,17485,6968,2096,3764,1668,7257,19027,11771,20943,23747,44690,3983263,6467795,10451058,19870,20406,40276
2022-01-15,8804,7243,16047,1942642,3180552,5123194,2059,2144,4203,1758794,2962717,4721511,5349,9940,15289,298039,343853,641892,10331,17433,7102,1966,3598,1632,7216,19082,11865,16212,19327,35539,3999475,6487122,10486597,19513,20599,40112
2022-01-16,3989,6095,10084,1946631,3186647,5133278,1079,1598,2677,1759873,2964315,4724188,4106,10356,14462,302145,354209,656354,10186,17306,7120,1922,3562,1639,7180,19121,11941,9174,18049,27223,4008649,6505171,10513820,19288,20700,39988
2022-01-17,9787,7533,17320,1956418,3194180,5150598,1736,1177,2913,1761609,2965492,4727101,7782,12803,20585,309927,367012,676939,9746,16941,7195,1855,3430,1575,7032,18998,11966,19305,21513,40818,4027954,6526684,10554638,18633,20736,39369
2022-01-18,9121,6613,15734,1965539,3200793,5166332,1578,1586,3164,1763187,2967078,4730265,7373,12483,19856,317300,379495,696795,9314,16455,7141,1775,3382,1607,6867,18859,11992,18072,20682,38754,4046026,6547366,10593392,17956,20740,38696
2022-01-19,8987,6563,15550,1974526,3207356,5181882,1210,830,2040,1764397,2967908,4732305,7353,12422,19775,324653,391917,716570,8992,16090,7098,1741,3354,1613,6783,18798,12015,17550,19815,37365,4063576,6567181,10630757,17516,20726,38241
2022-01-20,8842,6596,15438,1983368,3213952,5197320,2050,1948,3998,1766447,2969856,4736303,7784,12764,20548,332437,404681,737118,8694,15740,7047,1721,3335,1615,6719,18692,11973,18676,21308,39984,4082252,6588489,10670741,17133,20634,37768
2022-01-21,11389,9869,21258,1994757,3223821,5218578,2143,2410,4553,1768590,2972266,4740856,7794,14454,22248,340231,419135,759366,8703,15919,7216,1694,3364,1670,6792,18966,12175,21326,26733,48059,4103578,6615222,10718800,17188,21061,38249
2022-01-22,8864,7853,16717,2003621,3231674,5235295,1732,3782,5514,1770322,2976048,4746370,5546,11476,17022,345777,430611,776388,8711,16014,7303,1647,3551,1904,6820,19214,12394,16142,23111,39253,4119720,6638333,10758053,17178,21602,38779
2022-01-23,3842,6974,10816,2007463,3238648,5246111,1127,3667,4794,1771449,2979715,4751164,4283,12085,16368,350060,442696,792756,8690,16119,7429,1654,3854,2200,6845,19486,12641,9252,22726,31978,4128972,6661059,10790031,17189,22270,39459
2022-01-24,10375,8745,19120,2017838,3247393,5265231,841,5123,5964,1772290,2984838,4757128,8773,13906,22679,358833,456602,815435,8774,16376,7602,1526,4290,2764,6987,19785,12799,19989,27774,47763,4148961,6688833,10837794,17287,23164,40451
2022-01-25,9740,8664,18404,2027578,3256057,5283635,1571,5537,7108,1773861,2990375,4764236,7740,13481,21221,366573,470083,836656,8863,16758,7895,1525,4853,3328,7039,19980,12941,19051,27682,46733,4168012,6716515,10884527,17427,24164,41591
2022-01-26,8839,8031,16870,2036417,3264088,5300505,1349,5839,7188,1775210,2996214,4771424,7010,16408,23418,373583,486491,860074,8842,16946,8105,1545,5588,4044,6990,20501,13511,17198,30278,47476,4185210,6746793,10932003,17376,25659,43035
2022-01-27,8333,6787,15120,2044750,3270875,5315625,2203,5859,8062,1777413,3002073,4779486,7139,19117,26256,380722,505608,886330,8769,16901,8132,1567,6169,4602,6898,21316,14418,17675,31763,49438,4202885,6778556,10981441,17233,27152,44386
2022-01-28,9857,7758,17615,2054607,3278633,5333240,2665,7684,10349,1780078,3009757,4789835,7091,17918,25009,387813,523526,911339,8550,16380,7830,1641,6997,5356,6797,21710,14913,19613,33360,52973,4222498,6811916,11034414,16989,28099,45088
2022-01-29,7526,6649,14175,2062133,3285282,5347415,2962,6625,9587,1783040,3016382,4799422,4883,15770,20653,392696,539296,931992,8359,16017,7658,1817,7579,5762,6703,22229,15526,15371,29044,44415,4237869,6840960,11078829,16878,28947,45825
2022-01-30,3541,6039,9580,2065674,3291321,5356995,2738,4828,7566,1785778,3021210,4806988,3004,16185,19189,395700,555481,951181,8316,15841,7525,2047,7975,5928,6520,22632,16112,9283,27052,36335,4247152,6868012,11115164,16883,29565,46448
2022-01-31,3611,353,3964,2069285,3291674,5360959,3595,51,3646,1789373,3021261,4810634,2067,755,2822,397767,556236,954003,7350,13675,6326,2440,7644,5203,5562,19795,14233,9273,1159,10432,4256425,6869171,11125596,15352,25763,41115
2022-02-01,21,8,29,2069306,3291682,5360988,41,0,41,1789414,3021261,4810675,7,8,15,397774,556244,954018,5961,11050,5089,2222,6634,4412,4457,16766,12309,69,16,85,4256494,6869187,11125681,12640,21810,34451
2022-02-02,104,0,104,2069410,3291682,5361092,157,0,157,1789571,3021261,4810832,56,0,56,397830,556244,954074,4713,8655,3942,2052,5630,3578,3464,13429,9965,317,0,317,4256811,6869187,11125998,10229,17485,27714
2022-02-03,3485,5080,8565,2072895,3296762,5369657,598,1004,1602,1790169,3022265,4812434,2921,12643,15564,400751,568887,969638,4021,7719,3698,1822,4707,2885,2861,11901,9040,7004,18727,25731,4263815,6887914,11151729,8704,15623,24327
